"Year","Round","HomeSeed","HomeTeam","HomeScore","AwaySeed","AwayTeam","AwayScore"
"2017","Play-In","16","Mount St. Mary's","67","16","New Orleans","66"
"2017","Play-In","11","Kansas State","95","11","Wake Forest","88"
"2017","Play-In","16","North Carolina Central","63","16","UC Davis","67"
"2017","Play-In","11","Southern California","75","11","Providence","71"
"2017","First Round","5","Notre Dame","60","12","Princeton","58"
"2017","First Round","4","West Virginia","86","13","Bucknell","80"
"2017","First Round","5","Virginia","76","12","UNC Wilmington","71"
"2017","First Round","4","Florida","80","13","East Tennessee State","65"
"2017","First Round","1","Gonzaga","66","16","South Dakota State","46"
"2017","First Round","8","Northwestern","68","9","Vanderbilt","66"
"2017","First Round","7","St. Mary's (Cal.)","85","10","Virginia Commonwealth","77"
"2017","First Round","2","Arizona","100","15","North Dakota","82"
"2017","First Round","5","Iowa State","84","12","Nevada","73"
"2017","First Round","4","Purdue","80","13","Vermont","70"
"2017","First Round","5","Minnesota","72","12","Middle Tennessee State","81"
"2017","First Round","4","Butler","76","13","Winthrop","64"
"2017","First Round","1","Villanova","76","16","Mount St. Mary's","56"
"2017","First Round","8","Wisconsin","84","9","Virginia Tech","74"
"2017","First Round","6","Maryland","65","11","Xavier","76"
"2017","First Round","3","Florida State","86","14","Florida Gulf Coast","80"
"2017","First Round","6","Southern Methodist","65","11","Southern California","66"
"2017","First Round","3","Baylor","91","14","New Mexico State","73"
"2017","First Round","1","Kansas","100","16","UC Davis","62"
"2017","First Round","8","Miami (Fla.)","58","9","Michigan State","78"
"2017","First Round","7","South Carolina","93","10","Marquette","73"
"2017","First Round","2","Duke","87","15","Troy","65"
"2017","First Round","1","North Carolina","103","16","Texas Southern","64"
"2017","First Round","8","Arkansas","77","9","Seton Hall","71"
"2017","First Round","6","Creighton","72","11","Rhode Island","84"
"2017","First Round","3","Oregon","93","14","Iona","77"
"2017","First Round","6","Cincinnati","75","11","Kansas State","61"
"2017","First Round","3","UCLA","97","14","Kent State","80"
"2017","First Round","7","Michigan","92","10","Oklahoma State","91"
"2017","First Round","2","Louisville","78","15","Jacksonville State","63"
"2017","First Round","7","Dayton","58","10","Wichita State","64"
"2017","First Round","2","Kentucky","79","15","Northern Kentucky","70"
"2017","Second Round","1","Villanova","62","8","Wisconsin","65"
"2017","Second Round","5","Notre Dame","71","4","West Virginia","83"
"2017","Second Round","1","Virginia","39","4","Florida","65"
"2017","Second Round","11","Xavier","91","3","Florida State","66"
"2017","Second Round","1","Gonzaga","79","8","Northwestern","73"
"2017","Second Round","7","St. Mary's (Cal.)","60","2","Arizona","69"
"2017","Second Round","5","Iowa State","76","4","Purdue","80"
"2017","Second Round","12","Middle Tennessee State","65","4","Butler","74"
"2017","Second Round","7","Michigan","73","2","Louisville","69"
"2017","Second Round","10","Wichita State","62","2","Kentucky","65"
"2017","Second Round","1","Kansas","90","9","Michigan State","70"
"2017","Second Round","1","North Carolina","72","8","Arkansas","65"
"2017","Second Round","11","Rhode Island","72","3","Oregon","75"
"2017","Second Round","11","Southern California","78","3","Baylor","82"
"2017","Second Round","7","South Carolina","88","2","Duke","81"
"2017","Second Round","6","Cincinnati","67","3","UCLA","79"
"2017","Sweet 16","8","Wisconsin","83","4","Florida","84"
"2017","Sweet 16","3","Baylor","50","7","South Carolina","70"
"2017","Sweet 16","1","Kansas","98","4","Purdue","66"
"2017","Sweet 16","3","Oregon","69","7","Michigan","68"
"2017","Sweet 16","1","Gonzaga","61","4","West Virginia","58"
"2017","Sweet 16","11","Xavier","73","2","Arizona","71"
"2017","Sweet 16","1","North Carolina","92","4","Butler","80"
"2017","Sweet 16","3","UCLA","75","2","Kentucky","86"
"2017","Elite Eight","1","Gonzaga","83","11","Xavier","59"
"2017","Elite Eight","1","Kansas","60","3","Oregon","74"
"2017","Elite Eight","4","Florida","70","7","South Carolina","77"
"2017","Elite Eight","1","North Carolina","75","2","Kentucky","73"
"2017","Final Four","7","South Carolina","73","1","Gonzaga","77"
"2017","Final Four","3","Oregon","76","1","North Carolina","77"
"2017","National Championship","1","Gonzaga","65","1","North Carolina","71"
"2016","First Round","2","Villanova","86","15","UNC Asheville","56"
"2016","First Round","7","Iowa","72","10","Temple","70"
"2016","First Round","3","Miami (Fla.)","79","14","Buffalo","72"
"2016","Play-In","11","Wichita State","70","11","Vanderbilt","50"
"2016","First Round","4","California","66","13","Hawaii","77"
"2016","First Round","5","Maryland","79","12","South Dakota State","74"
"2016","First Round","8","Colorado","67","9","Connecticut","74"
"2016","First Round","1","Kansas","105","16","Austin Peay","79"
"2016","First Round","2","Oklahoma","82","15","Cal State Bakersfield","68"
"2016","First Round","7","Oregon State","67","10","Virginia Commonwealth","75"
"2016","First Round","3","Texas A&M","92","14","Green Bay","65"
"2016","First Round","6","Texas","72","11","Northern Iowa","75"
"2016","First Round","4","Duke","93","13","UNC Wilmington","85"
"2016","First Round","12","Yale","79","5","Baylor","75"
"2016","First Round","8","St. Joseph's","78","9","Cincinnati","76"
"2016","First Round","2","Xavier","71","15","Weber State","53"
"2016","First Round","10","Pittsburgh","43","7","Wisconsin","47"
"2016","First Round","3","West Virginia","56","14","Stephen F. Austin","70"
"2016","First Round","4","Kentucky","85","13","Stony Brook","57"
"2016","First Round","5","Indiana","99","12","Chattanooga","74"
"2016","First Round","8","Southern California","69","9","Providence","70"
"2016","First Round","1","North Carolina","83","16","Florida Gulf Coast","67"
"2016","First Round","1","Virginia","81","16","Hampton","45"
"2016","First Round","8","Texas Tech","61","9","Butler","71"
"2016","First Round","5","Purdue","83","12","Arkansas-Little Rock","85"
"2016","First Round","4","Iowa State","94","13","Iona","81"
"2016","First Round","6","Seton Hall","52","11","Gonzaga","68"
"2016","First Round","3","Utah","80","14","Fresno State","69"
"2016","First Round","7","Dayton","51","10","Syracuse","70"
"2016","First Round","2","Michigan State","81","15","Middle Tennessee State","90"
"2016","Play-In","16","Fairleigh Dickinson","65","16","Florida Gulf Coast","96"
"2016","Play-In","16","Holy Cross","59","16","Southern","55"
"2016","Play-In","11","Tulsa","62","11","Michigan","67"
"2016","First Round","6","Arizona","55","11","Wichita State","65"
"2016","First Round","1","Oregon","91","16","Holy Cross","52"
"2016","First Round","6","Notre Dame","70","11","Michigan","63"
"2016","Second Round","1","Kansas","73","9","Connecticut","61"
"2016","Second Round","11","Wichita State","57","3","Miami (Fla.)","65"
"2016","Second Round","12","Yale","64","4","Duke","71"
"2016","Second Round","1","North Carolina","85","9","Providence","66"
"2016","Second Round","5","Indiana","73","4","Kentucky","67"
"2016","Second Round","1","Virginia","77","9","Butler","69"
"2016","Second Round","12","Arkansas-Little Rock","61","4","Iowa State","78"
"2016","Second Round","11","Gonzaga","82","3","Utah","59"
"2016","Second Round","2","Villanova","87","7","Iowa","68"
"2016","Second Round","6","Notre Dame","76","14","Stephen F. Austin","75"
"2016","Second Round","2","Oklahoma","85","10","Virginia Commonwealth","81"
"2016","Second Round","10","Syracuse","75","15","Middle Tennessee State","50"
"2016","Second Round","5","Maryland","73","13","Hawaii","60"
"2016","Second Round","3","Texas A&M","92","11","Northern Iowa","88"
"2016","Second Round","2","Xavier","63","7","Wisconsin","66"
"2016","Second Round","1","Oregon","69","8","St. Joseph's","64"
"2016","Sweet 16","1","Oregon","82","4","Duke","68"
"2016","Sweet 16","3","Texas A&M","63","2","Oklahoma","77"
"2016","Sweet 16","1","Virginia","84","4","Iowa State","71"
"2016","Sweet 16","11","Gonzaga","60","10","Syracuse","63"
"2016","Sweet 16","1","Kansas","79","5","Maryland","63"
"2016","Sweet 16","3","Miami (Fla.)","69","2","Villanova","92"
"2016","Sweet 16","1","North Carolina","101","5","Indiana","86"
"2016","Sweet 16","6","Notre Dame","61","7","Wisconsin","56"
"2016","Elite Eight","1","Oregon","68","2","Oklahoma","80"
"2016","Elite Eight","1","Kansas","59","2","Villanova","64"
"2016","Elite Eight","1","Virginia","62","10","Syracuse","68"
"2016","Elite Eight","1","North Carolina","88","6","Notre Dame","74"
"2016","Final Four","2","Villanova","95","2","Oklahoma","51"
"2016","Final Four","1","North Carolina","83","10","Syracuse","66"
"2016","National Championship","2","Villanova","77","1","North Carolina","74"
"2015","Play-In","16","Manhattan","64","16","Hampton","74"
"2015","Play-In","11","Mississippi","94","11","Brigham Young","90"
"2015","Play-In","16","Robert Morris","81","16","North Florida","77"
"2015","Play-In","11","Dayton","56","11","Boise State","55"
"2015","First Round","8","Cincinnati","66","9","Purdue","65"
"2015","First Round","12","Buffalo","62","5","West Virginia","68"
"2015","First Round","4","Maryland","65","13","Valparaiso","62"
"2015","First Round","6","Butler","56","11","Texas","48"
"2015","First Round","3","Notre Dame","69","14","Northeastern","65"
"2015","First Round","7","Wichita State","81","10","Indiana","76"
"2015","First Round","2","Kansas","75","15","New Mexico State","56"
"2015","First Round","1","Villanova","93","16","Lafayette","52"
"2015","First Round","8","North Carolina State","66","9","LSU","65"
"2015","First Round","5","Northern Iowa","71","12","Wyoming","54"
"2015","First Round","4","Louisville","57","13","UC Irvine","55"
"2015","First Round","3","Oklahoma","69","14","Albany (N.Y.)","60"
"2015","First Round","7","Michigan State","70","10","Georgia","63"
"2015","First Round","2","Virginia","79","15","Belmont","67"
"2015","First Round","1","Wisconsin","86","16","Coastal Carolina","72"
"2015","First Round","8","Oregon","79","9","Oklahoma State","73"
"2015","First Round","4","North Carolina","67","13","Harvard","65"
"2015","First Round","3","Baylor","56","14","Georgia State","57"
"2015","First Round","7","Virginia Commonwealth","72","10","Ohio State","75"
"2015","First Round","2","Arizona","93","15","Texas Southern","72"
"2015","First Round","8","San Diego State","76","9","St. John's","64"
"2015","First Round","5","Utah","57","12","Stephen F. Austin","50"
"2015","First Round","4","Georgetown","84","13","Eastern Washington","74"
"2015","First Round","6","Southern Methodist","59","11","UCLA","60"
"2015","First Round","3","Iowa State","59","14","Alabama-Birmingham","60"
"2015","First Round","7","Iowa","83","10","Davidson","52"
"2015","First Round","2","Gonzaga","86","15","North Dakota State","76"
"2015","First Round","1","Kentucky","79","16","Hampton","56"
"2015","First Round","6","Xavier","76","11","Mississippi","57"
"2015","First Round","6","Providence","53","11","Dayton","66"
"2015","First Round","1","Duke","85","16","Robert Morris","56"
"2015","Second Round","6","Butler","64","3","Notre Dame","67"
"2015","Second Round","11","UCLA","92","14","Alabama-Birmingham","75"
"2015","Second Round","6","Xavier","75","14","Georgia State","67"
"2015","Second Round","10","Ohio State","58","2","Arizona","73"
"2015","Second Round","1","Villanova","68","8","North Carolina State","71"
"2015","Second Round","5","Arkansas","78","4","North Carolina","87"
"2015","Second Round","1","Kentucky","64","8","Cincinnati","51"
"2015","Second Round","5","Utah","75","4","Georgetown","64"
"2015","Second Round","7","Wichita State","78","2","Kansas","65"
"2015","Second Round","7","Michigan State","60","2","Virginia","54"
"2015","Second Round","5","Northern Iowa","53","4","Louisville","66"
"2015","Second Round","5","West Virginia","69","4","Maryland","59"
"2015","Second Round","1","Wisconsin","72","8","Oregon","65"
"2015","Second Round","1","Duke","68","8","San Diego State","49"
"2015","Second Round","7","Iowa","68","2","Gonzaga","87"
"2015","Second Round","11","Dayton","66","3","Oklahoma","72"
"2015","Sweet 16","11","UCLA","62","2","Gonzaga","74"
"2015","Sweet 16","1","Kentucky","78","5","West Virginia","39"
"2015","Sweet 16","6","Xavier","60","2","Arizona","68"
"2015","Sweet 16","8","North Carolina State","65","4","Louisville","75"
"2015","Sweet 16","1","Duke","63","5","Utah","57"
"2015","Sweet 16","1","Wisconsin","79","4","North Carolina","72"
"2015","Sweet 16","3","Notre Dame","81","7","Wichita State","70"
"2015","Sweet 16","3","Oklahoma","58","7","Michigan State","62"
"2015","Elite Eight","1","Wisconsin","85","2","Arizona","78"
"2015","Elite Eight","1","Kentucky","68","3","Notre Dame","66"
"2015","Final Four","1","Kentucky","64","1","Wisconsin","71"
"2015","Elite Eight","7","Michigan State","76","4","Louisville","70"
"2015","Elite Eight","1","Duke","66","2","Gonzaga","52"
"2015","Final Four","7","Michigan State","61","1","Duke","81"
"2015","National Championship","1","Wisconsin","63","1","Duke","68"
"2015","First Round","5","Arkansas","56","12","Wofford","53"
"2014","Play-In","16","Albany (N.Y.)","71","16","Mount St. Mary's","64"
"2014","First Round","1","Florida","67","16","Albany (N.Y.)","55"
"2014","First Round","8","Gonzaga","85","9","Oklahoma State","77"
"2014","First Round","8","Colorado","48","9","Pittsburgh","77"
"2014","First Round","5","Oklahoma","75","12","North Dakota State","80"
"2014","First Round","5","Virginia Commonwealth","75","12","Stephen F. Austin","77"
"2014","First Round","4","San Diego State","73","13","New Mexico State","69"
"2014","First Round","4","UCLA","76","13","Tulsa","59"
"2014","First Round","6","Baylor","74","11","Nebraska","60"
"2014","First Round","6","Ohio State","59","11","Dayton","60"
"2014","First Round","3","Creighton","76","14","Louisiana-Lafayette","66"
"2014","First Round","3","Syracuse","77","14","Western Michigan","53"
"2014","First Round","7","Oregon","87","10","Brigham Young","68"
"2014","First Round","7","New Mexico","53","10","Stanford","58"
"2014","First Round","2","Kansas","80","15","Eastern Kentucky","69"
"2014","First Round","2","Wisconsin","75","15","American","35"
"2014","Play-In","16","Cal-Poly","81","16","Texas Southern","69"
"2014","First Round","1","Virginia","70","16","Coastal Carolina","59"
"2014","Play-In","12","North Carolina State","74","12","Xavier","59"
"2014","First Round","8","Memphis","71","9","George Washington","66"
"2014","Play-In","11","Iowa","65","11","Tennessee","78"
"2014","First Round","5","Cincinnati","57","12","Harvard","61"
"2014","First Round","4","Michigan State","93","13","Delaware","78"
"2014","First Round","6","North Carolina","79","11","Providence","77"
"2014","First Round","1","Wichita State","64","16","Cal-Poly","37"
"2014","First Round","8","Kentucky","56","9","Kansas State","49"
"2014","First Round","3","Iowa State","93","14","North Carolina Central","75"
"2014","First Round","5","St. Louis","83","12","North Carolina State","80"
"2014","First Round","7","Connecticut","89","10","St. Joseph's","81"
"2014","First Round","2","Villanova","73","15","Milwaukee","53"
"2014","First Round","4","Louisville","71","13","Manhattan","64"
"2014","First Round","6","Massachusetts","67","11","Tennessee","86"
"2014","First Round","3","Duke","71","14","Mercer","78"
"2014","First Round","7","Texas","87","10","Arizona State","85"
"2014","First Round","2","Michigan","57","15","Wofford","40"
"2014","First Round","1","Arizona","68","16","Weber State","59"
"2014","Second Round","11","Dayton","55","3","Syracuse","53"
"2014","Second Round","7","Oregon","77","2","Wisconsin","85"
"2014","Second Round","1","Florida","61","9","Pittsburgh","45"
"2014","Second Round","12","Harvard","73","4","Michigan State","80"
"2014","Second Round","7","Texas","65","2","Michigan","79"
"2014","Second Round","7","Connecticut","77","2","Villanova","65"
"2014","Second Round","5","St. Louis","51","4","Louisville","66"
"2014","Second Round","12","North Dakota State","44","4","San Diego State","63"
"2014","Second Round","11","Tennessee","83","14","Mercer","63"
"2014","Second Round","6","Baylor","85","3","Creighton","55"
"2014","Second Round","10","Stanford","60","2","Kansas","57"
"2014","Second Round","1","Arizona","84","8","Gonzaga","61"
"2014","Second Round","1","Virginia","78","8","Memphis","60"
"2014","Second Round","6","North Carolina","83","10","Iowa State","85"
"2014","Second Round","1","Wichita State","76","8","Kentucky","78"
"2014","Second Round","12","Stephen F. Austin","60","6","UCLA","77"
"2014","Sweet 16","1","Florida","79","4","UCLA","68"
"2014","Sweet 16","8","Kentucky","74","4","Louisville","69"
"2014","Sweet 16","11","Tennessee","71","2","Michigan","73"
"2014","Sweet 16","1","Arizona","70","4","San Diego State","64"
"2014","Sweet 16","11","Dayton","82","10","Stanford","72"
"2014","Sweet 16","6","Baylor","52","2","Wisconsin","69"
"2014","Sweet 16","1","Virginia","59","4","Michigan State","61"
"2014","Sweet 16","3","Iowa State","76","7","Connecticut","81"
"2014","Elite Eight","1","Florida","62","11","Dayton","52"
"2014","Elite Eight","1","Arizona","63","2","Wisconsin","64"
"2014","Elite Eight","4","Michigan State","54","7","Connecticut","60"
"2014","Elite Eight","8","Kentucky","75","2","Michigan","72"
"2014","Final Four","1","Florida","53","7","Connecticut","63"
"2014","Final Four","2","Wisconsin","73","8","Kentucky","74"
"2014","National Championship","7","Connecticut","60","8","Kentucky","54"
"2013","Play-In","16","North Carolina A&T","73","16","Liberty","72"
"2013","First Round","1","Louisville","79","16","North Carolina A&T","48"
"2013","First Round","8","Colorado State","84","9","Missouri","72"
"2013","First Round","5","Oklahoma State","55","12","Oregon","68"
"2013","First Round","4","St. Louis","64","13","New Mexico State","44"
"2013","Play-In","11","Middle Tennessee State","54","11","St. Mary's (Cal.)","67"
"2013","First Round","6","Memphis","54","11","St. Mary's (Cal.)","52"
"2013","First Round","3","Michigan State","65","14","Valparaiso","54"
"2013","First Round","1","Kansas","64","16","Western Kentucky","57"
"2013","First Round","7","Creighton","67","10","Cincinnati","63"
"2013","First Round","2","Duke","73","15","Albany (N.Y.)","61"
"2013","First Round","8","North Carolina","78","9","Villanova","71"
"2013","First Round","5","Virginia Commonwealth","88","12","Akron","42"
"2013","First Round","4","Michigan","71","13","South Dakota State","56"
"2013","First Round","6","UCLA","63","11","Minnesota","83"
"2013","First Round","3","Florida","79","14","Northwestern State","47"
"2013","First Round","7","San Diego State","70","10","Oklahoma","55"
"2013","First Round","2","Georgetown","68","15","Florida Gulf Coast","78"
"2013","Play-In","16","Long Island","55","16","James Madison","68"
"2013","First Round","1","Gonzaga","64","16","Southern","58"
"2013","First Round","1","Indiana","83","16","James Madison","62"
"2013","First Round","8","Pittsburgh","55","9","Wichita State","73"
"2013","First Round","8","North Carolina State","72","9","Temple","76"
"2013","First Round","5","Wisconsin","46","12","Mississippi","57"
"2013","First Round","5","UNLV","61","12","California","64"
"2013","First Round","4","Kansas State","61","13","La Salle","63"
"2013","First Round","4","Syracuse","81","13","Montana","34"
"2013","First Round","6","Butler","68","11","Bucknell","56"
"2013","Play-In","13","Boise State","71","13","La Salle","80"
"2013","First Round","3","Marquette","59","14","Davidson","58"
"2013","First Round","7","Illinois","57","10","Colorado","49"
"2013","First Round","6","Arizona","81","11","Belmont","64"
"2013","First Round","2","Miami (Fla.)","78","15","Pacific","49"
"2013","First Round","3","New Mexico","62","14","Harvard","68"
"2013","First Round","7","Notre Dame","58","10","Iowa State","76"
"2013","First Round","2","Ohio State","95","15","Iona","70"
"2013","Second Round","6","Memphis","48","3","Michigan State","70"
"2013","Second Round","6","Butler","72","3","Marquette","74"
"2013","Second Round","1","Gonzaga","70","9","Wichita State","76"
"2013","Second Round","12","Oregon","74","4","St. Louis","57"
"2013","Second Round","1","Louisville","82","8","Colorado State","56"
"2013","Second Round","5","Virginia Commonwealth","53","4","Michigan","78"
"2013","Second Round","6","Arizona","74","14","Harvard","51"
"2013","Second Round","12","California","60","4","Syracuse","66"
"2013","Second Round","7","Creighton","50","2","Duke","66"
"2013","Second Round","12","Mississippi","74","13","La Salle","76"
"2013","Second Round","1","Indiana","58","9","Temple","52"
"2013","Second Round","7","Illinois","59","2","Miami (Fla.)","63"
"2013","Second Round","7","San Diego State","71","15","Florida Gulf Coast","81"
"2013","Second Round","10","Iowa State","75","2","Ohio State","78"
"2013","Second Round","1","Kansas","70","8","North Carolina","58"
"2013","Second Round","11","Minnesota","64","3","Florida","78"
"2013","Sweet 16","1","Kansas","85","4","Michigan","87"
"2013","Sweet 16","3","Michigan State","61","2","Duke","71"
"2013","Sweet 16","1","Louisville","77","12","Oregon","69"
"2013","Sweet 16","6","Arizona","70","2","Ohio State","73"
"2013","Sweet 16","3","Marquette","71","2","Miami (Fla.)","61"
"2013","Sweet 16","9","Wichita State","72","13","La Salle","58"
"2013","Sweet 16","1","Indiana","50","4","Syracuse","61"
"2013","Sweet 16","3","Florida","62","15","Florida Gulf Coast","50"
"2013","Elite Eight","4","Syracuse","55","3","Marquette","39"
"2013","Elite Eight","9","Wichita State","70","2","Ohio State","66"
"2013","Elite Eight","1","Louisville","85","2","Duke","63"
"2013","Elite Eight","4","Michigan","79","3","Florida","59"
"2013","Final Four","4","Michigan","61","4","Syracuse","56"
"2013","Final Four","1","Louisville","72","9","Wichita State","68"
"2013","National Championship","1","Louisville","82","4","Michigan","76"
"2012","National Championship","1","Kentucky","67","2","Kansas","59"
"2012","Final Four","1","Kentucky","69","4","Louisville","61"
"2012","Final Four","2","Ohio State","62","2","Kansas","64"
"2012","Elite Eight","1","Kentucky","82","3","Baylor","70"
"2012","Elite Eight","1","North Carolina","67","2","Kansas","80"
"2012","Elite Eight","4","Louisville","72","7","Florida","68"
"2012","Elite Eight","1","Syracuse","70","2","Ohio State","77"
"2012","Sweet 16","3","Baylor","75","10","Xavier","70"
"2012","Sweet 16","1","North Carolina","73","13","Ohio","65"
"2012","Sweet 16","1","Kentucky","102","4","Indiana","90"
"2012","Sweet 16","11","North Carolina State","57","2","Kansas","60"
"2012","Sweet 16","1","Syracuse","64","4","Wisconsin","63"
"2012","Sweet 16","1","Michigan State","44","4","Louisville","57"
"2012","Sweet 16","6","Cincinnati","66","2","Ohio State","81"
"2012","Sweet 16","3","Marquette","58","7","Florida","68"
"2012","Second Round","11","North Carolina State","66","3","Georgetown","63"
"2012","Second Round","1","Michigan State","65","9","St. Louis","61"
"2012","Second Round","1","North Carolina","87","8","Creighton","73"
"2012","Second Round","7","Florida","84","15","Norfolk State","50"
"2012","Second Round","12","South Florida","56","13","Ohio","62"
"2012","Second Round","10","Purdue","60","2","Kansas","63"
"2012","Second Round","6","Cincinnati","62","3","Florida State","56"
"2012","Second Round","10","Xavier","70","15","Lehigh","58"
"2012","Second Round","1","Syracuse","75","8","Kansas State","59"
"2012","Second Round","7","Gonzaga","66","2","Ohio State","73"
"2012","Second Round","6","Murray St.","53","3","Marquette","62"
"2012","Second Round","5","Vanderbilt","57","4","Wisconsin","60"
"2012","Second Round","12","Virginia Commonwealth","61","4","Indiana","63"
"2012","Second Round","1","Kentucky","87","8","Iowa State","71"
"2012","Second Round","11","Colorado","63","3","Baylor","80"
"2012","Second Round","5","New Mexico","56","4","Louisville","59"
"2012","First Round","6","Cincinnati","65","11","Texas","59"
"2012","First Round","8","Creighton","58","9","Alabama","57"
"2012","First Round","6","San Diego State","65","11","North Carolina State","79"
"2012","First Round","7","Florida","71","10","Virginia","45"
"2012","First Round","3","Florida State","66","14","St. Bonaventure","63"
"2012","First Round","3","Georgetown","74","14","Belmont","59"
"2012","First Round","1","North Carolina","77","16","Vermont","58"
"2012","First Round","2","Missouri","84","15","Norfolk State","86"
"2012","First Round","4","Michigan","60","13","Ohio","65"
"2012","First Round","7","St. Mary's (Cal.)","69","10","Purdue","72"
"2012","First Round","2","Duke","70","15","Lehigh","75"
"2012","First Round","1","Michigan State","89","16","Long Island","67"
"2012","First Round","7","Notre Dame","63","10","Xavier","67"
"2012","First Round","2","Kansas","65","15","Detroit","50"
"2012","First Round","5","Temple","44","12","South Florida","58"
"2012","First Round","8","Memphis","54","9","St. Louis","61"
"2012","First Round","6","Murray St.","58","11","Colorado State","41"
"2012","First Round","4","Louisville","69","13","Davidson","62"
"2012","First Round","8","Kansas State","70","9","Southern Mississippi","64"
"2012","First Round","4","Wisconsin","73","13","Montana","49"
"2012","First Round","3","Marquette","88","14","Brigham Young","68"
"2012","First Round","1","Syracuse","72","16","UNC Asheville","65"
"2012","First Round","5","New Mexico","75","12","Long Beach State","68"
"2012","First Round","5","Vanderbilt","79","12","Harvard","70"
"2012","First Round","1","Kentucky","81","16","Western Kentucky","66"
"2012","First Round","5","Wichita State","59","12","Virginia Commonwealth","62"
"2012","First Round","7","Gonzaga","77","10","West Virginia","54"
"2012","First Round","2","Ohio State","78","15","Loyola (Md.)","59"
"2012","First Round","8","Iowa State","77","9","Connecticut","64"
"2012","First Round","4","Indiana","79","13","New Mexico State","66"
"2012","First Round","6","UNLV","64","11","Colorado","68"
"2012","First Round","3","Baylor","68","14","South Dakota State","60"
"2012","Play-In","16","Lamar","59","16","Vermont","71"
"2012","Play-In","12","California","54","12","South Florida","65"
"2012","Play-In","16","Mississippi Valley State","58","16","Western Kentucky","59"
"2012","Play-In","14","Brigham Young","78","14","Iona","72"
"2011","National Championship","3","Connecticut","53","8","Butler","41"
"2011","Final Four","11","Virginia Commonwealth","62","8","Butler","70"
"2011","Final Four","4","Kentucky","55","3","Connecticut","56"
"2011","Elite Eight","4","Kentucky","76","2","North Carolina","69"
"2011","Elite Eight","1","Kansas","61","11","Virginia Commonwealth","71"
"2011","Elite Eight","8","Butler","74","2","Florida","71"
"2011","Elite Eight","5","Arizona","63","3","Connecticut","65"
"2011","Sweet 16","1","Kansas","77","12","Richmond","57"
"2011","Sweet 16","11","Marquette","63","2","North Carolina","81"
"2011","Sweet 16","1","Ohio State","60","4","Kentucky","62"
"2011","Sweet 16","11","Virginia Commonwealth","72","10","Florida State","71"
"2011","Sweet 16","3","Brigham Young","74","2","Florida","83"
"2011","Sweet 16","3","Connecticut","74","2","San Diego State","67"
"2011","Sweet 16","1","Duke","77","5","Arizona","93"
"2011","Sweet 16","8","Butler","61","4","Wisconsin","54"
"2011","Second Round","1","Duke","73","8","Michigan","71"
"2011","Second Round","7","Washington","83","2","North Carolina","86"
"2011","Second Round","1","Kansas","73","9","Illinois","59"
"2011","Second Round","11","Marquette","66","3","Syracuse","62"
"2011","Second Round","1","Ohio State","98","8","George Mason","66"
"2011","Second Round","11","Virginia Commonwealth","94","3","Purdue","76"
"2011","Second Round","5","Arizona","70","4","Texas","69"
"2011","Second Round","10","Florida State","71","2","Notre Dame","57"
"2011","Second Round","5","West Virginia","63","4","Kentucky","71"
"2011","Second Round","7","UCLA","65","2","Florida","73"
"2011","Second Round","12","Richmond","65","13","Morehead State","48"
"2011","Second Round","7","Temple","64","2","San Diego State","71"
"2011","Second Round","11","Gonzaga","67","3","Brigham Young","89"
"2011","Second Round","6","Cincinnati","58","3","Connecticut","69"
"2011","Second Round","5","Kansas State","65","4","Wisconsin","70"
"2011","Second Round","1","Pittsburgh","70","8","Butler","71"
"2011","First Round","4","Texas","85","13","Oakland","81"
"2011","First Round","2","Notre Dame","69","15","Akron","56"
"2011","First Round","1","Duke","87","16","Hampton","45"
"2011","First Round","5","Arizona","77","12","Memphis","75"
"2011","First Round","7","Texas A&M","50","10","Florida State","57"
"2011","First Round","8","George Mason","61","9","Villanova","57"
"2011","First Round","8","Michigan","75","9","Tennessee","45"
"2011","First Round","3","Purdue","65","14","St. Peter's","43"
"2011","First Round","2","North Carolina","102","15","Long Island","87"
"2011","First Round","6","Xavier","55","11","Marquette","66"
"2011","First Round","1","Kansas","72","16","Boston University","53"
"2011","First Round","8","UNLV","62","9","Illinois","73"
"2011","First Round","3","Syracuse","77","14","Indiana State","60"
"2011","First Round","1","Ohio State","75","16","Texas-San Antonio","46"
"2011","First Round","7","Washington","68","10","Georgia","65"
"2011","First Round","6","Georgetown","56","11","Virginia Commonwealth","74"
"2011","First Round","5","West Virginia","84","12","Clemson","76"
"2011","First Round","4","Louisville","61","13","Morehead State","62"
"2011","First Round","4","Kentucky","59","13","Princeton","57"
"2011","First Round","7","Temple","66","10","Penn State","64"
"2011","First Round","5","Vanderbilt","66","12","Richmond","69"
"2011","First Round","2","San Diego State","68","15","Northern Colorado","50"
"2011","First Round","6","St. John's","71","11","Gonzaga","86"
"2011","First Round","5","Kansas State","73","12","Utah State","68"
"2011","First Round","4","Wisconsin","72","13","Belmont","58"
"2011","First Round","3","Brigham Young","74","14","Wofford","66"
"2011","First Round","2","Florida","79","15","UC Santa Barbara","51"
"2011","First Round","7","UCLA","78","10","Michigan State","76"
"2011","First Round","8","Butler","60","9","Old Dominion","58"
"2011","First Round","1","Pittsburgh","74","16","UNC Asheville","51"
"2011","First Round","3","Connecticut","81","14","Bucknell","52"
"2011","First Round","6","Cincinnati","78","11","Missouri","63"
"2011","Play-In","16","Texas-San Antonio","70","16","Alabama State","61"
"2011","Play-In","11","Southern California","46","11","Virginia Commonwealth","59"
"2011","Play-In","16","UNC Asheville","81","16","Arkansas-Little Rock","77"
"2011","Play-In","12","Alabama-Birmingham","52","12","Clemson","70"
"2010","National Championship","5","Butler","59","1","Duke","61"
"2010","Final Four","5","Michigan State","50","5","Butler","52"
"2010","Final Four","2","West Virginia","57","1","Duke","78"
"2010","Elite Eight","1","Duke","78","3","Baylor","71"
"2010","Elite Eight","5","Michigan State","70","6","Tennessee","69"
"2010","Elite Eight","1","Kentucky","66","2","West Virginia","73"
"2010","Elite Eight","5","Butler","63","2","Kansas State","56"
"2010","Sweet 16","9","Northern Iowa","52","5","Michigan State","59"
"2010","Sweet 16","1","Duke","70","4","Purdue","57"
"2010","Sweet 16","3","Baylor","72","10","St. Mary's (Cal.)","49"
"2010","Sweet 16","6","Tennessee","76","2","Ohio State","73"
"2010","Sweet 16","11","Washington","56","2","West Virginia","69"
"2010","Sweet 16","1","Syracuse","59","5","Butler","63"
"2010","Sweet 16","1","Kentucky","62","12","Cornell","45"
"2010","Sweet 16","6","Xavier","96","2","Kansas State","101"
"2010","Second Round","10","Missouri","59","2","West Virginia","68"
"2010","Second Round","12","Cornell","87","4","Wisconsin","69"
"2010","Second Round","6","Xavier","71","3","Pittsburgh","68"
"2010","Second Round","1","Syracuse","87","8","Gonzaga","65"
"2010","Second Round","10","Georgia Tech","66","2","Ohio State","75"
"2010","Second Round","5","Michigan State","85","4","Maryland","83"
"2010","Second Round","5","Texas A&M","61","4","Purdue","63"
"2010","Second Round","1","Duke","68","8","California","53"
"2010","Second Round","10","St. Mary's (Cal.)","75","2","Villanova","68"
"2010","Second Round","7","Brigham Young","72","2","Kansas State","84"
"2010","Second Round","5","Butler","54","13","Murray St.","52"
"2010","Second Round","1","Kansas","67","9","Northern Iowa","69"
"2010","Second Round","1","Kentucky","90","9","Wake Forest","60"
"2010","Second Round","11","Washington","82","3","New Mexico","64"
"2010","Second Round","11","Old Dominion","68","3","Baylor","76"
"2010","Second Round","6","Tennessee","83","14","Ohio","68"
"2010","First Round","5","Michigan State","70","12","New Mexico State","67"
"2010","First Round","4","Maryland","89","13","Houston","77"
"2010","First Round","1","Syracuse","79","16","Vermont","56"
"2010","First Round","2","Ohio State","68","15","UC Santa Barbara","51"
"2010","First Round","7","Clemson","78","10","Missouri","86"
"2010","First Round","4","Purdue","72","13","Siena","64"
"2010","First Round","7","Oklahoma State","59","10","Georgia Tech","64"
"2010","First Round","8","Gonzaga","67","9","Florida State","60"
"2010","First Round","4","Wisconsin","53","13","Wofford","49"
"2010","First Round","5","Texas A&M","69","12","Utah State","53"
"2010","First Round","5","Temple","65","12","Cornell","78"
"2010","First Round","8","California","77","9","Louisville","62"
"2010","First Round","3","Pittsburgh","89","14","Oakland","66"
"2010","First Round","1","Duke","73","16","Arkansas-Pine Bluff","44"
"2010","First Round","6","Xavier","65","11","Minnesota","54"
"2010","First Round","2","West Virginia","77","15","Morgan State","50"
"2010","First Round","2","Kansas State","82","15","North Texas","62"
"2010","First Round","4","Vanderbilt","65","13","Murray St.","66"
"2010","First Round","7","Brigham Young","99","10","Florida","92"
"2010","First Round","5","Butler","77","12","UTEP","59"
"2010","First Round","3","New Mexico","62","14","Montana","57"
"2010","First Round","1","Kentucky","100","16","East Tennessee State","71"
"2010","First Round","8","Texas","80","9","Wake Forest","81"
"2010","First Round","6","Notre Dame","50","11","Old Dominion","51"
"2010","First Round","3","Baylor","68","14","Sam Houston State","59"
"2010","First Round","7","Richmond","71","10","St. Mary's (Cal.)","80"
"2010","First Round","2","Villanova","73","15","Robert Morris","70"
"2010","First Round","6","Marquette","78","11","Washington","80"
"2010","First Round","1","Kansas","90","16","Lehigh","74"
"2010","First Round","8","UNLV","66","9","Northern Iowa","69"
"2010","First Round","3","Georgetown","83","14","Ohio","97"
"2010","First Round","6","Tennessee","62","11","San Diego State","59"
"2010","Play-In","16","Arkansas-Pine Bluff","61","16","Winthrop","44"
"2009","National Championship","2","Michigan State","72","1","North Carolina","89"
"2009","Final Four","2","Michigan State","82","1","Connecticut","73"
"2009","Final Four","3","Villanova","69","1","North Carolina","83"
"2009","Elite Eight","1","North Carolina","72","2","Oklahoma","60"
"2009","Elite Eight","1","Louisville","52","2","Michigan State","64"
"2009","Elite Eight","1","Connecticut","82","3","Missouri","75"
"2009","Elite Eight","1","Pittsburgh","76","3","Villanova","78"
"2009","Sweet 16","1","Louisville","103","12","Arizona","64"
"2009","Sweet 16","3","Kansas","62","2","Michigan State","67"
"2009","Sweet 16","1","North Carolina","98","4","Gonzaga","77"
"2009","Sweet 16","3","Syracuse","71","2","Oklahoma","84"
"2009","Sweet 16","1","Connecticut","72","5","Purdue","60"
"2009","Sweet 16","3","Missouri","102","2","Memphis","91"
"2009","Sweet 16","1","Pittsburgh","60","4","Xavier","55"
"2009","Sweet 16","3","Villanova","77","2","Duke","54"
"2009","Second Round","1","Louisville","79","9","Siena","62"
"2009","Second Round","10","Southern California","69","2","Michigan State","74"
"2009","Second Round","12","Arizona","71","13","Cleveland State","57"
"2009","Second Round","12","Wisconsin","49","4","Xavier","60"
"2009","Second Round","6","Arizona State","67","3","Syracuse","78"
"2009","Second Round","11","Dayton","43","3","Kansas","60"
"2009","Second Round","1","Pittsburgh","84","8","Oklahoma State","76"
"2009","Second Round","6","Marquette","79","3","Missouri","83"
"2009","Second Round","6","UCLA","69","3","Villanova","89"
"2009","Second Round","1","Connecticut","92","9","Texas A&M","66"
"2009","Second Round","1","North Carolina","84","8","LSU","70"
"2009","Second Round","5","Purdue","76","4","Washington","74"
"2009","Second Round","10","Michigan","63","2","Oklahoma","73"
"2009","Second Round","12","Western Kentucky","81","4","Gonzaga","83"
"2009","Second Round","7","Texas","69","2","Duke","74"
"2009","Second Round","10","Maryland","70","2","Memphis","89"
"2009","First Round","5","Florida State","59","12","Wisconsin","61"
"2009","First Round","6","West Virginia","60","11","Dayton","68"
"2009","First Round","4","Wake Forest","69","13","Cleveland State","84"
"2009","First Round","7","Boston College","55","10","Southern California","72"
"2009","First Round","3","Missouri","78","14","Cornell","59"
"2009","First Round","3","Syracuse","59","14","Stephen F. Austin","44"
"2009","First Round","6","Arizona State","66","11","Temple","57"
"2009","First Round","4","Xavier","77","13","Portland State","59"
"2009","First Round","3","Kansas","84","14","North Dakota State","74"
"2009","First Round","1","Louisville","74","16","Morehead State","54"
"2009","First Round","6","Marquette","58","11","Utah State","57"
"2009","First Round","8","Ohio State","72","9","Siena","74"
"2009","First Round","5","Utah","71","12","Arizona","84"
"2009","First Round","1","Pittsburgh","72","16","East Tennessee State","62"
"2009","First Round","8","Oklahoma State","77","9","Tennessee","75"
"2009","First Round","2","Michigan State","77","15","Robert Morris","62"
"2009","First Round","5","Illinois","72","12","Western Kentucky","76"
"2009","First Round","2","Oklahoma","82","15","Morgan State","54"
"2009","First Round","4","Gonzaga","77","13","Akron","64"
"2009","First Round","8","LSU","75","9","Butler","71"
"2009","First Round","1","North Carolina","101","16","Radford","58"
"2009","First Round","7","Clemson","59","10","Michigan","62"
"2009","First Round","2","Duke","86","15","Binghamton","62"
"2009","First Round","7","Texas","76","10","Minnesota","62"
"2009","First Round","6","UCLA","65","11","Virginia Commonwealth","64"
"2009","First Round","2","Memphis","81","15","Cal State Northridge","70"
"2009","First Round","7","California","71","10","Maryland","84"
"2009","First Round","4","Washington","71","13","Mississippi State","58"
"2009","First Round","5","Purdue","61","12","Northern Iowa","56"
"2009","First Round","8","Brigham Young","66","9","Texas A&M","79"
"2009","First Round","1","Connecticut","103","16","Chattanooga","47"
"2009","First Round","3","Villanova","80","14","American","67"
"2009","Play-In","16","Morehead State","58","16","Alabama State","43"
"2008","National Championship","1","Kansas","75","1","Memphis","68"
"2008","Final Four","1","Memphis","78","1","UCLA","63"
"2008","Final Four","1","North Carolina","66","1","Kansas","84"
"2008","Elite Eight","1","Memphis","85","2","Texas","67"
"2008","Elite Eight","1","Kansas","59","10","Davidson","57"
"2008","Elite Eight","1","North Carolina","83","3","Louisville","73"
"2008","Elite Eight","1","UCLA","76","3","Xavier","57"
"2008","Sweet 16","3","Stanford","62","2","Texas","82"
"2008","Sweet 16","1","Kansas","72","12","Villanova","57"
"2008","Sweet 16","3","Wisconsin","56","10","Davidson","73"
"2008","Sweet 16","1","Memphis","92","5","Michigan State","74"
"2008","Sweet 16","1","North Carolina","68","4","Washington State","47"
"2008","Sweet 16","3","Xavier","79","7","West Virginia","75"
"2008","Sweet 16","3","Louisville","79","2","Tennessee","60"
"2008","Sweet 16","1","UCLA","88","12","Western Kentucky","78"
"2008","Second Round","12","Villanova","84","13","Siena","72"
"2008","Second Round","12","Western Kentucky","72","13","San Diego","63"
"2008","Second Round","6","Oklahoma","48","3","Louisville","78"
"2008","Second Round","7","Miami (Fla.)","72","2","Texas","75"
"2008","Second Round","10","Davidson","74","2","Georgetown","70"
"2008","Second Round","1","North Carolina","108","9","Arkansas","77"
"2008","Second Round","1","Memphis","77","8","Mississippi State","74"
"2008","Second Round","7","Butler","71","2","Tennessee","76"
"2008","Second Round","6","Marquette","81","3","Stanford","82"
"2008","Second Round","11","Kansas State","55","3","Wisconsin","72"
"2008","Second Round","5","Notre Dame","41","4","Washington State","61"
"2008","Second Round","1","Kansas","75","8","UNLV","56"
"2008","Second Round","7","West Virginia","73","2","Duke","67"
"2008","Second Round","1","UCLA","51","9","Texas A&M","49"
"2008","Second Round","6","Purdue","78","3","Xavier","85"
"2008","Second Round","5","Michigan State","65","4","Pittsburgh","54"
"2008","First Round","1","Memphis","87","16","Texas-Arlington","63"
"2008","First Round","2","Tennessee","72","15","American","57"
"2008","First Round","2","Texas","74","15","Austin Peay","54"
"2008","First Round","2","Georgetown","66","15","Maryland-Baltimore County","47"
"2008","First Round","3","Louisville","79","14","Boise State","61"
"2008","First Round","1","North Carolina","113","16","Mount St. Mary's","74"
"2008","First Round","4","Vanderbilt","62","13","Siena","83"
"2008","First Round","4","Connecticut","69","13","San Diego","70"
"2008","First Round","6","Oklahoma","72","11","St. Joseph's","64"
"2008","First Round","8","Mississippi State","76","9","Oregon","69"
"2008","First Round","8","Indiana","72","9","Arkansas","86"
"2008","First Round","7","Gonzaga","76","10","Davidson","82"
"2008","First Round","7","Butler","81","10","South Alabama","61"
"2008","First Round","5","Drake","99","12","Western Kentucky","101"
"2008","First Round","5","Clemson","69","12","Villanova","75"
"2008","First Round","7","Miami (Fla.)","78","10","St. Mary's (Cal.)","64"
"2008","First Round","3","Stanford","77","14","Cornell","53"
"2008","First Round","3","Wisconsin","71","14","Cal State Fullerton","56"
"2008","First Round","8","Brigham Young","62","9","Texas A&M","67"
"2008","First Round","7","West Virginia","75","10","Arizona","65"
"2008","First Round","4","Washington State","71","13","Winthrop","40"
"2008","First Round","3","Xavier","73","14","Georgia","61"
"2008","First Round","4","Pittsburgh","82","13","Oral Roberts","63"
"2008","First Round","2","Duke","71","15","Belmont","70"
"2008","First Round","1","Kansas","85","16","Portland State","61"
"2008","First Round","5","Michigan State","72","12","Temple","61"
"2008","First Round","5","Notre Dame","68","12","George Mason","50"
"2008","First Round","1","UCLA","70","16","Mississippi Valley State","29"
"2008","First Round","8","UNLV","71","9","Kent State","58"
"2008","First Round","6","Marquette","74","11","Kentucky","66"
"2008","First Round","6","Purdue","90","11","Baylor","79"
"2008","First Round","6","Southern California","67","11","Kansas State","80"
"2008","Play-In","16","Mount St. Mary's","69","16","Coppin State","60"
"2007","National Championship","1","Florida","84","1","Ohio State","75"
"2007","Final Four","2","Georgetown","60","1","Ohio State","67"
"2007","Final Four","1","Florida","76","2","UCLA","66"
"2007","Elite Eight","1","North Carolina","84","2","Georgetown","96"
"2007","Elite Eight","1","Florida","85","3","Oregon","77"
"2007","Elite Eight","1","Ohio State","92","2","Memphis","76"
"2007","Elite Eight","1","Kansas","55","2","UCLA","68"
"2007","Sweet 16","6","Vanderbilt","65","2","Georgetown","66"
"2007","Sweet 16","1","North Carolina","74","5","Southern California","64"
"2007","Sweet 16","3","Oregon","76","7","UNLV","72"
"2007","Sweet 16","1","Florida","65","5","Butler","57"
"2007","Sweet 16","1","Kansas","61","4","Southern Illinois","58"
"2007","Sweet 16","3","Texas A&M","64","2","Memphis","65"
"2007","Sweet 16","1","Ohio State","85","5","Tennessee","84"
"2007","Sweet 16","3","Pittsburgh","55","2","UCLA","64"
"2007","Second Round","7","UNLV","74","2","Wisconsin","68"
"2007","Second Round","5","Southern California","87","4","Texas","68"
"2007","Second Round","5","Tennessee","77","4","Virginia","74"
"2007","Second Round","11","Winthrop","61","3","Oregon","75"
"2007","Second Round","1","Kansas","88","8","Kentucky","76"
"2007","Second Round","5","Virginia Tech","48","4","Southern Illinois","63"
"2007","Second Round","1","Florida","74","9","Purdue","67"
"2007","Second Round","7","Nevada","62","2","Memphis","78"
"2007","Second Round","5","Butler","62","4","Maryland","59"
"2007","Second Round","1","Ohio State","78","9","Xavier","71"
"2007","Second Round","6","Louisville","69","3","Texas A&M","72"
"2007","Second Round","1","North Carolina","81","9","Michigan State","67"
"2007","Second Round","7","Indiana","49","2","UCLA","54"
"2007","Second Round","6","Vanderbilt","78","3","Washington State","74"
"2007","Second Round","11","Virginia Commonwealth","79","3","Pittsburgh","84"
"2007","Second Round","7","Boston College","55","2","Georgetown","62"
"2007","First Round","1","Florida","112","16","Jackson State","69"
"2007","First Round","5","Tennessee","121","12","Long Beach State","86"
"2007","First Round","4","Texas","79","13","New Mexico State","67"
"2007","First Round","4","Virginia","84","13","Albany (N.Y.)","57"
"2007","First Round","7","Nevada","77","10","Creighton","71"
"2007","First Round","2","Memphis","73","15","North Texas","58"
"2007","First Round","3","Oregon","58","14","Miami (Ohio)","56"
"2007","First Round","7","UNLV","67","10","Georgia Tech","63"
"2007","First Round","2","Wisconsin","76","15","Texas A&M-Corpus Christi","63"
"2007","First Round","8","Arizona","63","9","Purdue","72"
"2007","First Round","6","Notre Dame","64","11","Winthrop","74"
"2007","First Round","1","Kansas","107","16","Niagara","67"
"2007","First Round","8","Kentucky","67","9","Villanova","58"
"2007","First Round","5","Virginia Tech","54","12","Illinois","52"
"2007","First Round","5","Southern California","77","12","Arkansas","60"
"2007","First Round","4","Southern Illinois","61","13","Holy Cross","51"
"2007","First Round","2","UCLA","70","15","Weber State","42"
"2007","First Round","3","Texas A&M","68","14","Penn","52"
"2007","First Round","3","Pittsburgh","79","14","Wright State","58"
"2007","First Round","6","Vanderbilt","77","11","George Washington","44"
"2007","First Round","1","North Carolina","86","16","Eastern Kentucky","65"
"2007","First Round","2","Georgetown","80","15","Belmont","55"
"2007","First Round","6","Duke","77","11","Virginia Commonwealth","79"
"2007","First Round","8","Brigham Young","77","9","Xavier","79"
"2007","First Round","4","Maryland","82","13","Davidson","70"
"2007","First Round","5","Butler","57","12","Old Dominion","46"
"2007","First Round","3","Washington State","70","14","Oral Roberts","54"
"2007","First Round","8","Marquette","49","9","Michigan State","61"
"2007","First Round","7","Boston College","84","10","Texas Tech","75"
"2007","First Round","1","Ohio State","78","16","Central Connecticut State","57"
"2007","First Round","7","Indiana","70","10","Gonzaga","57"
"2007","First Round","6","Louisville","78","11","Stanford","58"
"2007","Play-In","16","Niagara","77","16","Florida A&M","69"
"2006","National Championship","2","UCLA","57","3","Florida","73"
"2006","Final Four","4","LSU","45","2","UCLA","59"
"2006","Final Four","11","George Mason","58","3","Florida","73"
"2006","Elite Eight","1","Villanova","62","3","Florida","75"
"2006","Elite Eight","1","Connecticut","84","11","George Mason","86"
"2006","Elite Eight","1","Memphis","45","2","UCLA","50"
"2006","Elite Eight","4","LSU","70","2","Texas","60"
"2006","Sweet 16","1","Villanova","60","4","Boston College","59"
"2006","Sweet 16","3","Florida","57","7","Georgetown","53"
"2006","Sweet 16","11","George Mason","63","7","Wichita State","55"
"2006","Sweet 16","1","Connecticut","98","5","Washington","92"
"2006","Sweet 16","3","Gonzaga","71","2","UCLA","73"
"2006","Sweet 16","1","Duke","54","4","LSU","62"
"2006","Sweet 16","6","West Virginia","71","2","Texas","74"
"2006","Sweet 16","1","Memphis","80","13","Bradley","64"
"2006","Second Round","1","Memphis","72","9","Bucknell","56"
"2006","Second Round","6","West Virginia","67","14","Northwestern State","54"
"2006","Second Round","7","Georgetown","70","2","Ohio State","52"
"2006","Second Round","1","Villanova","82","8","Arizona","78"
"2006","Second Round","11","George Mason","65","3","North Carolina","60"
"2006","Second Round","1","Connecticut","87","8","Kentucky","83"
"2006","Second Round","5","Pittsburgh","66","13","Bradley","72"
"2006","Second Round","10","North Carolina State","54","2","Texas","75"
"2006","Second Round","11","Milwaukee","60","3","Florida","82"
"2006","Second Round","12","Texas A&M","57","4","LSU","58"
"2006","Second Round","1","Duke","70","8","George Washington","64"
"2006","Second Round","12","Montana","56","4","Boston College","69"
"2006","Second Round","5","Washington","67","4","Illinois","64"
"2006","Second Round","7","Wichita State","80","2","Tennessee","73"
"2006","Second Round","10","Alabama","59","2","UCLA","62"
"2006","Second Round","6","Indiana","80","3","Gonzaga","90"
"2006","First Round","3","Iowa","63","14","Northwestern State","64"
"2006","First Round","1","Connecticut","72","16","Albany (N.Y.)","59"
"2006","First Round","7","Georgetown","54","10","Northern Iowa","49"
"2006","First Round","2","Ohio State","70","15","Davidson","62"
"2006","First Round","8","Arkansas","55","9","Bucknell","59"
"2006","First Round","1","Memphis","94","16","Oral Roberts","78"
"2006","First Round","2","Texas","60","15","Penn","52"
"2006","First Round","6","West Virginia","64","11","Southern Illinois","46"
"2006","First Round","8","Kentucky","72","9","Alabama-Birmingham","59"
"2006","First Round","6","Michigan State","65","11","George Mason","75"
"2006","First Round","3","North Carolina","69","14","Murray St.","65"
"2006","First Round","4","Kansas","73","13","Bradley","77"
"2006","First Round","5","Pittsburgh","79","12","Kent State","64"
"2006","First Round","1","Villanova","58","16","Monmouth","45"
"2006","First Round","8","Arizona","94","9","Wisconsin","75"
"2006","First Round","7","California","52","10","North Carolina State","58"
"2006","First Round","4","LSU","80","13","Iona","64"
"2006","First Round","2","UCLA","78","15","Belmont","44"
"2006","First Round","7","Marquette","85","10","Alabama","90"
"2006","First Round","4","Illinois","78","13","Air Force","69"
"2006","First Round","5","Nevada","79","12","Montana","87"
"2006","First Round","3","Gonzaga","79","14","Xavier","75"
"2006","First Round","5","Syracuse","58","12","Texas A&M","66"
"2006","First Round","8","George Washington","88","9","UNC Wilmington","85"
"2006","First Round","1","Duke","70","16","Southern","54"
"2006","First Round","5","Washington","75","12","Utah State","61"
"2006","First Round","7","Wichita State","86","10","Seton Hall","66"
"2006","First Round","2","Tennessee","63","15","Winthrop","61"
"2006","First Round","4","Boston College","88","13","Pacific","76"
"2006","First Round","6","Oklahoma","74","11","Milwaukee","82"
"2006","First Round","3","Florida","76","14","South Alabama","50"
"2006","First Round","6","Indiana","87","11","San Diego State","83"
"2006","Play-In","16","Monmouth","71","16","Hampton","49"
"2005","National Championship","1","Illinois","70","1","North Carolina","75"
"2005","Final Four","1","North Carolina","87","5","Michigan State","71"
"2005","Final Four","1","Illinois","75","4","Louisville","58"
"2005","Elite Eight","5","Michigan State","94","2","Kentucky","88"
"2005","Elite Eight","1","North Carolina","88","6","Wisconsin","82"
"2005","Elite Eight","4","Louisville","93","7","West Virginia","85"
"2005","Elite Eight","1","Illinois","90","3","Arizona","89"
"2005","Sweet 16","6","Utah","52","2","Kentucky","62"
"2005","Sweet 16","1","North Carolina","67","5","Villanova","66"
"2005","Sweet 16","6","Wisconsin","65","10","North Carolina State","56"
"2005","Sweet 16","1","Duke","68","5","Michigan State","78"
"2005","Sweet 16","3","Arizona","79","2","Oklahoma State","78"
"2005","Sweet 16","6","Texas Tech","60","7","West Virginia","65"
"2005","Sweet 16","1","Illinois","77","12","Milwaukee","63"
"2005","Sweet 16","1","Washington","79","4","Louisville","93"
"2005","Second Round","1","North Carolina","92","9","Iowa State","65"
"2005","Second Round","5","Villanova","76","4","Florida","65"
"2005","Second Round","6","Wisconsin","71","14","Bucknell","62"
"2005","Second Round","5","Michigan State","72","13","Vermont","61"
"2005","Second Round","10","North Carolina State","65","2","Connecticut","62"
"2005","Second Round","7","Southern Illinois","77","2","Oklahoma State","85"
"2005","Second Round","1","Duke","63","9","Mississippi State","55"
"2005","Second Round","5","Georgia Tech","54","4","Louisville","76"
"2005","Second Round","11","Alabama-Birmingham","63","3","Arizona","85"
"2005","Second Round","7","West Virginia","111","2","Wake Forest","105"
"2005","Second Round","12","Milwaukee","85","4","Boston College","63"
"2005","Second Round","6","Texas Tech","71","3","Gonzaga","69"
"2005","Second Round","7","Cincinnati","60","2","Kentucky","69"
"2005","Second Round","6","Utah","67","3","Oklahoma","58"
"2005","Second Round","1","Illinois","71","9","Nevada","59"
"2005","Second Round","1","Washington","97","8","Pacific","79"
"2005","First Round","7","Southern Illinois","65","10","St. Mary's (Cal.)","56"
"2005","First Round","5","Michigan State","89","12","Old Dominion","81"
"2005","First Round","8","Stanford","70","9","Mississippi State","93"
"2005","First Round","1","Duke","57","16","Delaware State","46"
"2005","First Round","2","Connecticut","77","15","Central Florida","71"
"2005","First Round","7","Charlotte","63","10","North Carolina State","75"
"2005","First Round","3","Kansas","63","14","Bucknell","64"
"2005","First Round","4","Syracuse","57","13","Vermont","60"
"2005","First Round","1","North Carolina","96","16","Oakland","68"
"2005","First Round","2","Wake Forest","70","15","Chattanooga","54"
"2005","First Round","4","Louisville","68","13","Louisiana-Lafayette","62"
"2005","First Round","6","Wisconsin","57","11","Northern Iowa","52"
"2005","First Round","5","Georgia Tech","80","12","George Washington","68"
"2005","First Round","4","Florida","67","13","Ohio","62"
"2005","First Round","5","Villanova","55","12","New Mexico","47"
"2005","First Round","2","Oklahoma State","63","15","Southeastern Louisiana","50"
"2005","First Round","8","Minnesota","53","9","Iowa State","64"
"2005","First Round","8","Pacific","79","9","Pittsburgh","71"
"2005","First Round","8","Texas","57","9","Nevada","61"
"2005","First Round","6","Utah","60","11","UTEP","54"
"2005","First Round","1","Illinois","67","16","Fairleigh Dickinson","55"
"2005","First Round","6","Texas Tech","78","11","UCLA","66"
"2005","First Round","4","Boston College","85","13","Penn","65"
"2005","First Round","3","Gonzaga","74","14","Winthrop","64"
"2005","First Round","7","West Virginia","63","10","Creighton","61"
"2005","First Round","5","Alabama","73","12","Milwaukee","83"
"2005","First Round","1","Washington","88","16","Montana","77"
"2005","First Round","2","Kentucky","72","15","Eastern Kentucky","64"
"2005","First Round","6","LSU","68","11","Alabama-Birmingham","82"
"2005","First Round","3","Arizona","66","14","Utah State","53"
"2005","First Round","7","Cincinnati","76","10","Iowa","64"
"2005","First Round","3","Oklahoma","84","14","Niagara","67"
"2005","Play-In","16","Oakland","79","16","Alabama A&M","69"
"2004","National Championship","3","Georgia Tech","73","2","Connecticut","82"
"2004","Final Four","3","Georgia Tech","67","2","Oklahoma State","65"
"2004","Final Four","1","Duke","78","2","Connecticut","79"
"2004","Elite Eight","1","Duke","66","7","Xavier","63"
"2004","Elite Eight","4","Kansas","71","3","Georgia Tech","79"
"2004","Elite Eight","8","Alabama","71","2","Connecticut","87"
"2004","Elite Eight","1","St. Joseph's","62","2","Oklahoma State","64"
"2004","Sweet 16","9","Alabama-Birmingham","74","4","Kansas","100"
"2004","Sweet 16","3","Texas","71","7","Xavier","79"
"2004","Sweet 16","1","Duke","72","5","Illinois","62"
"2004","Sweet 16","3","Georgia Tech","72","10","Nevada","67"
"2004","Sweet 16","6","Vanderbilt","53","2","Connecticut","73"
"2004","Sweet 16","8","Alabama","80","5","Syracuse","71"
"2004","Sweet 16","3","Pittsburgh","51","2","Oklahoma State","63"
"2004","Sweet 16","1","St. Joseph's","84","4","Wake Forest","80"
"2004","Second Round","6","Boston College","54","3","Georgia Tech","57"
"2004","Second Round","6","Vanderbilt","75","3","North Carolina State","73"
"2004","Second Round","7","Xavier","89","2","Mississippi State","74"
"2004","Second Round","5","Illinois","92","4","Cincinnati","68"
"2004","Second Round","7","Memphis","53","2","Oklahoma State","70"
"2004","Second Round","6","Wisconsin","55","3","Pittsburgh","59"
"2004","Second Round","12","Pacific","63","4","Kansas","78"
"2004","Second Round","1","Kentucky","75","9","Alabama-Birmingham","76"
"2004","Second Round","10","Nevada","91","2","Gonzaga","72"
"2004","Second Round","1","Duke","90","8","Seton Hall","62"
"2004","Second Round","7","DePaul","55","2","Connecticut","72"
"2004","Second Round","12","Manhattan","80","4","Wake Forest","84"
"2004","Second Round","5","Syracuse","72","4","Maryland","70"
"2004","Second Round","1","Stanford","67","8","Alabama","70"
"2004","Second Round","1","St. Joseph's","70","8","Texas Tech","65"
"2004","Second Round","6","North Carolina","75","3","Texas","78"
"2004","First Round","6","Vanderbilt","71","11","Western Michigan","58"
"2004","First Round","1","Kentucky","96","16","Florida A&M","76"
"2004","First Round","2","Mississippi State","80","15","Monmouth","70"
"2004","First Round","6","Wisconsin","76","11","Richmond","64"
"2004","First Round","5","Illinois","72","12","Murray St.","53"
"2004","First Round","6","Boston College","58","11","Utah","51"
"2004","First Round","4","Kansas","78","13","Illinois-Chicago","53"
"2004","First Round","2","Oklahoma State","75","15","Eastern Washington","56"
"2004","First Round","5","Providence","58","12","Pacific","66"
"2004","First Round","8","Washington","100","9","Alabama-Birmingham","102"
"2004","First Round","3","Texas","80","14","Princeton","70"
"2004","First Round","4","Cincinnati","80","13","East Tennessee State","77"
"2004","First Round","7","Xavier","80","10","Louisville","70"
"2004","First Round","3","Georgia Tech","65","14","Northern Iowa","60"
"2004","First Round","7","Memphis","59","10","South Carolina","43"
"2004","First Round","3","Pittsburgh","53","14","Central Florida","44"
"2004","First Round","7","DePaul","76","10","Dayton","69"
"2004","First Round","3","North Carolina State","62","14","Louisiana-Lafayette","52"
"2004","First Round","6","North Carolina","63","11","Air Force","52"
"2004","First Round","8","Seton Hall","80","9","Arizona","76"
"2004","First Round","1","Stanford","71","16","Texas-San Antonio","45"
"2004","First Round","8","Alabama","65","9","Southern Illinois","64"
"2004","First Round","5","Syracuse","80","12","Brigham Young","75"
"2004","First Round","1","Duke","96","16","Alabama State","61"
"2004","First Round","4","Maryland","86","13","UTEP","83"
"2004","First Round","4","Wake Forest","79","13","Virginia Commonwealth","78"
"2004","First Round","5","Florida","60","12","Manhattan","75"
"2004","First Round","8","Texas Tech","76","9","Charlotte","73"
"2004","First Round","1","St. Joseph's","82","16","Liberty","63"
"2004","First Round","2","Gonzaga","76","15","Valparaiso","49"
"2004","First Round","7","Michigan State","66","10","Nevada","72"
"2004","First Round","2","Connecticut","70","15","Vermont","53"
"2004","Play-In","16","Florida A&M","72","16","Lehigh","57"
"2003","National Championship","2","Kansas","78","3","Syracuse","81"
"2003","Final Four","1","Texas","84","3","Syracuse","95"
"2003","Final Four","3","Marquette","61","2","Kansas","94"
"2003","Elite Eight","1","Texas","85","7","Michigan State","76"
"2003","Elite Eight","1","Oklahoma","47","3","Syracuse","63"
"2003","Elite Eight","1","Arizona","75","2","Kansas","78"
"2003","Elite Eight","1","Kentucky","69","3","Marquette","83"
"2003","Sweet 16","6","Maryland","58","7","Michigan State","60"
"2003","Sweet 16","3","Syracuse","79","10","Auburn","78"
"2003","Sweet 16","1","Oklahoma","65","12","Butler","54"
"2003","Sweet 16","1","Texas","82","5","Connecticut","78"
"2003","Sweet 16","1","Arizona","88","5","Notre Dame","71"
"2003","Sweet 16","1","Kentucky","63","5","Wisconsin","57"
"2003","Sweet 16","3","Marquette","77","2","Pittsburgh","74"
"2003","Sweet 16","3","Duke","65","2","Kansas","69"
"2003","Second Round","5","Wisconsin","61","13","Tulsa","60"
"2003","Second Round","10","Auburn","68","2","Wake Forest","62"
"2003","Second Round","6","Oklahoma State","56","3","Syracuse","68"
"2003","Second Round","12","Butler","79","4","Louisville","71"
"2003","Second Round","7","Michigan State","68","2","Florida","46"
"2003","Second Round","6","Maryland","77","3","Xavier","64"
"2003","Second Round","1","Texas","77","9","Purdue","67"
"2003","Second Round","7","Indiana","52","2","Pittsburgh","74"
"2003","Second Round","11","Central Michigan","80","3","Duke","86"
"2003","Second Round","1","Kentucky","74","9","Utah","54"
"2003","Second Round","1","Arizona","96","9","Gonzaga","95"
"2003","Second Round","5","Notre Dame","68","4","Illinois","60"
"2003","Second Round","10","Arizona State","76","2","Kansas","108"
"2003","Second Round","5","Connecticut","84","4","Stanford","74"
"2003","Second Round","1","Oklahoma","74","8","California","65"
"2003","Second Round","6","Missouri","92","3","Marquette","101"
"2003","First Round","2","Pittsburgh","67","15","Wagner","62"
"2003","First Round","6","Maryland","75","11","UNC Wilmington","73"
"2003","First Round","7","Michigan State","79","10","Colorado","64"
"2003","First Round","8","Oregon","58","9","Utah","60"
"2003","First Round","1","Kentucky","95","16","IUPUI","64"
"2003","First Round","7","Indiana","67","10","Alabama","62"
"2003","First Round","8","LSU","56","9","Purdue","80"
"2003","First Round","5","Mississippi State","46","12","Butler","47"
"2003","First Round","1","Texas","82","16","UNC Asheville","61"
"2003","First Round","6","Oklahoma State","77","11","Penn","63"
"2003","First Round","3","Syracuse","77","14","Manhattan","63"
"2003","First Round","7","St. Joseph's","63","10","Auburn","65"
"2003","First Round","2","Wake Forest","76","15","East Tennessee State","73"
"2003","First Round","3","Xavier","71","14","Troy","59"
"2003","First Round","4","Louisville","86","13","Austin Peay","64"
"2003","First Round","2","Florida","85","15","Sam Houston State","55"
"2003","First Round","8","California","76","9","North Carolina State","74"
"2003","First Round","1","Oklahoma","71","16","South Carolina State","54"
"2003","First Round","1","Arizona","80","16","Vermont","51"
"2003","First Round","8","Cincinnati","69","9","Gonzaga","74"
"2003","First Round","5","Notre Dame","70","12","Milwaukee","69"
"2003","First Round","4","Illinois","65","13","Western Kentucky","60"
"2003","First Round","6","Creighton","73","11","Central Michigan","79"
"2003","First Round","3","Duke","67","14","Colorado State","57"
"2003","First Round","7","Memphis","71","10","Arizona State","84"
"2003","First Round","2","Kansas","64","15","Utah State","61"
"2003","First Round","5","Wisconsin","81","12","Weber State","74"
"2003","First Round","4","Dayton","71","13","Tulsa","84"
"2003","First Round","6","Missouri","72","11","Southern Illinois","71"
"2003","First Round","5","Connecticut","58","12","Brigham Young","53"
"2003","First Round","3","Marquette","72","14","Holy Cross","68"
"2003","First Round","4","Stanford","77","13","San Diego","69"
"2003","Play-In","16","UNC Asheville","92","16","Texas Southern","84"
